Rank,Ch_name,Uploads,Subscriptions,Views
1st,크림히어로즈,847,3.57M,"+58,930,437"
2nd,워크맨-Workman,52,3.79M,"+29,063,279"
3rd,Boram Tube ToysReview [보람튜�…,286,13.9M,"+15,441,687"
4th,ShawnMendesVEVO,120,11M,"+79,393,043"
5th,Bart Baker,201,10M,"+8,682,190"
6th,Давай поиграем в и�…,220,10M,"+8,654,188"
7th,JustinBieberVEVO,147,32.8M,"+205,320,761"
8th,KatyPerryVEVO,140,25.6M,"+127,376,131"
9th,MileyCyrusVEVO,67,10.4M,"+17,353,700"
10th,Nao FunFun,89,11.2M,"-4,398,326"
11th,RihannaVEVO,106,25.8M,"+93,686,713"
12th,shakiraVEVO,165,18.9M,"+192,357,125"
13th,ToyPudding TV,"2,742",25.4M,"+20,671,949"
14th,Hip Hop Music - Topic,NaN,11.2M,--
15th,BATS CHANNEL,112,1.88M,"+1,794,810"
16th,Fortnite Funny,474,2.95M,"+525,446"
17th,BoBoBerry - Lagu anak ank indonesia,100,5.69M,"+150,831"
18th,Bouncing Baby TV,44,5.2M,"+513,433"
19th,在不瘋狂就等死,931,972K,"+1,549,289"
20th,FRENÁTICOS,5,505K,"-3,778,663"
21st,blndsundoll4mj,"2,568",4.89M,"+16,441,712"
22nd,Stickman Game,5,1.89M,"-4,694,939"
23rd,Wellington FF,48,1.83M,"-455,919"
24th,よりひとYorihito,600,547K,"+12,932,800"
25th,공병호TV,"2,479",472K,"+10,715,439"
26th,Tati,"1,665",9.61M,"+9,777,055"
27th,Gabbie Hanna,359,6.24M,"+5,601,414"
28th,キットチャンネル,564,372K,"+4,639,900"
29th,Oiniks,4,219K,"-41,286,427"
30th,Alan Parsons,8,24.3K,"+8,066"
31st,ワタナベマホト,794,2.54M,"+11,965,137"
32nd,KidsChannel,1,5.34M,"+41,522"
33rd,슈기님,"1,337",1.7M,"+3,248,846"
34th,턱형 (GOD-TUK),495,1.36M,"+2,292,993"
35th,Funny Vines,107,5.93M,"+21,113,630"
36th,밴쯔,581,2.48M,"+2,994,029"
37th,LUKE,721,1.63M,"+10,594,339"
38th,Rahatlatıcı Videolar,371,4.03M,"+1,866,799"
39th,ENJO Entertainment,60,9.82M,"-301,578"
40th,OH TRE TRE TRE,149,990K,"+2,537,542"
41st,Funny Stop Motion videos,"2,603",8.71M,"+2,388,877"
42nd,Devi Vaibhavishriji Hindi,245,3.05K,"+14,777"
43rd,Joice Hasselmann TV,"1,908",994K,"+398,075"
44th,NAVER VIBE,11,587K,"+337,698"
45th,AW Edits,37,24,"+957,841"
46th,Zharkwek,37,636K,"-41,110"
47th,Woodart Man,151,127K,"-1,811"
48th,Wiki,2,2.81M,"+1,576"
49th,Troy Time,5,6.34M,"+63,647"
50th,5SOSVEVO,80,3.8M,"+36,498,827"
51st,Cocome Toys,15,3.47M,"+181,267"
52nd,BoBoBerry - More Nursery Rhymes & …,41,4.24M,"-6,693,261"
53rd,Ali Baba,405,6.06M,"+2,320,018"
54th,ApeCrime,702,3.78M,"+1,959,894"
55th,Jen Smith,"1,902",8.79M,"+1,328,430"
56th,Funny Bunny - детские пе�…,20,3.96M,"+2,684"
57th,Blu Toys Club Surprise,"2,419",7.16M,"+4,693,341"
58th,boogie2988,"2,255",4.36M,"+2,269,057"
59th,ConnorFranta,368,5.24M,"+482,080"
60th,Caspar,381,7.15M,"+683,914"
61st,Super Squad,94,2.89M,"+119,270"
62nd,EllieGouldingVEVO,103,7.83M,"+32,670,759"
63rd,EpicFiveTV,235,2.03M,"+1,261,333"
64th,grav3yardgirl,"1,560",8.41M,"+2,119,186"
65th,Super Polina Play,199,6.84M,"+4,219,334"
66th,HelloMaphie,481,8.89M,"+5,545,180"
67th,FUNnel Vision,2,6.62M,"+51,904"
68th,Yippee Toys,"1,846",7.99M,"+1,253,058"
69th,justintimberlakeVEVO,68,6.5M,"+48,400,285"
70th,CamilaCabelloVEVO,54,5.34M,"+61,184,307"
71st,KendrickLamarVEVO,55,7.45M,"+18,306,647"
72nd,ToysYJuguetesTV,91,5.8M,"+171,743"
73rd,Mia Sayoko,41,4.52M,"+1,084,649"
74th,MayBaby,189,4.93M,"+304,453"
75th,MeghanTrainorVEVO,99,8.44M,"+29,160,000"
76th,CanalKids HD,100,5.48M,"+395,811"
77th,FlareTV,18,2.44M,"+472,218"
78th,Nando Moura,"1,388",3.19M,"+7,372,953"
79th,SPACE (Official),5,3.53M,"+17,805,211"
80th,OneRepublicVEVO,163,5.76M,"+44,953,211"
81st,Alena Kids Toys,7,7.15M,"+115,179"
82nd,PitbullVEVO,197,9.81M,"+47,441,989"
83rd,Jay Karl's Hidden Camera & Practic…,139,1.86M,"+3,045,113"
84th,KINGCOOK - HOW TO COOK THAT,3,6.49M,"+49,330"
85th,Calon Sultan,14,1.57M,"+61,001"
86th,SamSmithVEVO,90,6.67M,"+64,920,889"
87th,KidsAlison Show,7,3.95M,"+404,911"
88th,speedyw03,"1,881",6.33M,"+2,189,136"
89th,Meredith Foster,433,4.57M,"+463,919"
90th,Cameron Dallas,99,5.44M,"+297,419,210"
91st,Genieland,"2,419",6.76M,"+7,808,749"
92nd,William Vladimir Show Kids TV,4,6.62M,"-110,452"
93rd,Crafty Life,2,9.47M,"+25,801"
94th,Tyler Oakley,615,7.26M,"+548,637"
95th,Wolfie,344,7.65M,"+1,519,492"
96th,ZaynVEVO,67,6.17M,"+27,506,811"
97th,En todas PERÚ,147,567K,"+1,378,946"
98th,Gianni Celeste,122,111K,"+1,432,619"
99th,Yummy Chocolate,64,413K,"+115,660"
100th,ENJO Films,74,516K,"+174,530"
101st,Jay Karl's Scary Snowman,159,693K,"+538,118"
102nd,Ha Neul오늘의 하늘,150,746K,"+471,019"
103rd,띠예,35,843K,"+717,134"
104th,Kids And Mom,40,235K,"+5,132"
105th,Healthy Life,14,428K,"+15,930"
106th,Roasted Boys,4,632K,"+1,281"
107th,Tery,874,298K,"-270,504"
108th,Urban Music India,13,658K,"+2,245"
109th,TiTan Studios,20,452K,"-830,042"
110th,Ricardo Ohara,458,435K,"+1,661,870"
111th,Утя,478,521K,"+15,213,168"
112th,22funMedia,10,497K,"-321,305"
113th,Suspendido en la Distorsión,6,339K,"+7,598"
114th,動画無しで登録者10万人�…,19,120K,"+522,929"
115th,써리의 영상툰 SSULY TOON,819,788K,"+2,605,454"
116th,ZAMES,5,332K,"+24,564"
117th,Kim Loaiza Tiktoks,20,184K,"-97,301"
118th,Marlon XGamer,NaN,499K,"-65,482,690"
119th,Undisputed: Skip and Shannon,79,253K,"+137,327"
120th,Sir Neón,26,1.13M,"+28,971,119"
121st,Xtreme test,NaN,1.51M,--
122nd,Моя Десятка,"1,605",1.34M,"+508,430"
123rd,jem-k un preso en el mundo real,276,1M,"+71,001,003"
124th,Mary Senn,315,3.44M,"+1,086,475"
125th,Baby Big Brain,67,1.61M,"+1,396,223"
126th,Chuyện Cổ Tích,2,2.35M,"-102,603"
127th,JoJo Siwa MUSIC,6,3.71M,"-11,022,809"
128th,Growing Little Ones for Jesus,981,1.01M,"+2,658,323"
129th,Satisfying Slime Videos,624,3.37M,"+4,158,086"
130th,Power of Gameplay,41,3.25M,"+68,602"
131st,Do ıt Yourself-World,3,1.58M,"+5,722"
132nd,مقطوش افندى,12,125K,"+11,020"
133rd,Barack Obama - Topic,141,1.17M,"+2,716"
134th,Алтынбек Кудайбер�…,6,1.2M,"+2,842"
135th,Mazi X,NaN,3.42M,--
136th,KC Toys,30,3M,"+5,253"
137th,Sofia Kids TV,3,4M,"+14,025"
138th,Süper Güçlü Arabalar,NaN,1.15M,--
139th,Jana Tube,13,1.38M,"+1,785"
140th,Serena Art,370,1.12M,"+1,890,013"
141st,Things Craft,34,1.12M,"+462,486"
142nd,JacksonWangVEVO,16,1.29M,"+3,296,297"
143rd,Football by GOAL24,9,1.31M,"+4,433"
144th,AmandaCernyVlogs,123,1.23M,"+119,052"
145th,The Surprise For Kids,136,5.88M,"+4,187,559"
146th,Action Mania,94,1.04M,"+14,023"
147th,Survival Wild,40,1.64M,"+489,163"
148th,Jelly Pong,117,1.07M,"+764,658"
149th,Insanity,284,1.03M,"+40,574"
150th,Alex Channel,4,505K,"-6,191"
151st,Jigar Music,8,9.31M,"+94,428"
152nd,Cars - Topic,NaN,1.06M,--
153rd,AbrahamMateoVEVO,88,2.49M,"+10,957,874"
154th,Vector Play,"1,647",1.1M,"+526,126"
155th,acdcVEVO,158,3.06M,"+62,317,917"
156th,Kids Labo TV,9,4.02M,"-241,065,228"
157th,AerosmithVEVO,86,1.38M,"+20,129,935"
158th,KATX Media,NaN,1.07M,--
159th,AlejandraGuzmanVEVO,69,1.19M,"+7,402,373"
160th,Alejo&Mafe,122,1.31M,"+66,353"
161st,Alex Wassabi,340,2.65M,"+389,119"
162nd,PointlessBlogGames,251,1.67M,"+149,610"
163rd,AlfredoOlivasVEVO,28,1.16M,"+28,444,332"
164th,aliciakeysVEVO,172,2.46M,"+30,498,645"
165th,Elle Fowler,534,1.21M,"-3,546,065"
166th,Alltime10s,"1,798",5.71M,"-6,949,303"
167th,AmazingPhil,283,4.13M,"+2,145,019"
168th,americatvLETSPLAY,164,1.51M,"+615,185"
169th,Amitesh,423,1.31M,"+932,404"
170th,AmyWinehouseVEVO,29,1.59M,"+10,648,971"
171st,Anastasiya Shpagina,213,3.37M,"+534,987"
172nd,AndreasChoice,118,4.37M,"-151,731"
173rd,キッズ アニメ&おもちゃ,"4,783",1.43M,"+40,854,476"
174th,AnuelVEVO,34,2.63M,"+44,991,390"
175th,ApeCrimeTV,"1,228",2.41M,"+701,301"
176th,K-ICM Official,78,4.28M,"+57,002,190"
177th,AronChupaVEVO,19,2.74M,"+9,014,652"
178th,ArrolladoraLimonVEVO,124,1.82M,"+22,077,913"
179th,Salomondrin,696,1.62M,"+907,887"
180th,アバンティーズ,"1,157",1.61M,"+6,010,219"
181st,AvrilLavigneVEVO,94,7M,"+26,991,350"
182nd,AxelVEVO,131,1.04M,"+3,483,781"
183rd,aymanTV,134,122K,"-1,339,772"
184th,Luking,65,1.05M,"+19,485"
185th,LL - Fortnite Shorts,366,1.93M,"+1,020,643"
186th,Бади,486,1.34M,"+136,642"
187th,BarsAndMelodyVEVO,8,1.15M,"+2,968,555"
188th,BandaLosRecoditosVEVO,113,1.51M,"+30,184,373"
189th,KellieSweet,195,2.03M,"+2,007,744"
190th,Samantha Maria,839,1.78M,"+749,367"
191st,BeautyTakenIn,331,2.47M,"+133,296"
192nd,BeckyGVEVO,77,6.46M,"+101,287,318"
193rd,Team 10,124,2.53M,"+132,535"
194th,Best Viners,134,2.06M,"+1,219,228"
195th,Beto Pasillas,326,1.71M,"+461,517"
196th,Cura Verde,105,2.15M,"+116,875"
197th,BigfloetoliVEVO,26,1.44M,"+7,159,727"
198th,악어 유튜브,"5,230",1.28M,"+14,749,136"
199th,창현거리노래방 Street Karao…,429,2.42M,"+12,003,018"
200th,BlackMVEVO,129,3.14M,"+13,021,651"
201st,AKN Kids House,40,2.54M,"-10,331,760"
202nd,blink182VEVO,55,1.25M,"+14,489,756"
203rd,BobbyShmurdaVEVO,5,1.21M,"+5,798,000"
204th,HarryStylesVEVO,32,3.18M,"+50,618,192"
205th,Bodyformus,418,1.37M,"+2,235,853"
206th,BonJoviVEVO,137,2.92M,"+39,919,789"
207th,ALPHA MUSIC EMPIRE,23,1.27M,"+674,886"
208th,TOYSBR Parque dos Brinquedos Surpr…,"1,093",4.24M,"+5,468,535"
209th,BritneySpearsVEVO,106,5.05M,"+45,297,410"
210th,LachlanPlayz - Gaming & Lets Plays!,555,1.17M,"+454,497"
211th,Animation - Topic,NaN,1.03M,--
212th,Bubble™,235,3.28M,"+2,028,668"
213th,Agar.io,235,1.3M,"+263,877"
214th,CaliToys,"1,420",1.3M,"+228,633"
215th,CalumScottVEVO,54,1.27M,"+20,529,893"
216th,Fun With Alicia,22,2.1M,"+823,037"
217th,Channon Rose,"1,118",1.06M,"+741,904"
218th,ChildishGambinoVEVO,42,1.72M,"+22,758,304"
219th,Bh New,29,1.55M,"+79,830"
220th,Ripple_S,396,475K,"+1,625,074"
221st,かねこあや,261,446K,"+3,295,841"
222nd,Claro Brasil,627,2.74M,"-18,663,746"
223rd,Clevver Style,"2,471",3.09M,"+7,015,226"
224th,CNCOVEVO,76,5.96M,"+29,069,929"
225th,Yann-Cj23,713,1.11M,"+341,066"
226th,Ladylike,346,3.54M,"+4,648,977"
227th,COLESON,227,1.52M,"+28,248"
228th,Comicbook.com,"2,222",1.16M,"+624,806"
229th,غير تفكيرك,111,1.1M,"+12,626"
230th,Cracked,"1,718",2.65M,"+1,520,214"
231st,Emrah,256,2.36M,"+3,628,433"
232nd,Cloakzy,216,1.01M,"+422,350"
233rd,Fernanda Souza,106,2.05M,"+172,892"
234th,BiBon KidsTV,68,2.3M,"+319,692"
235th,다또아Daddoa,166,1.21M,"+167,432"
236th,dakotaz,576,3M,"+610,614"
237th,DanAndPhilGAMES,278,3.04M,"+2,338,084"
238th,danisnotinteresting,57,1.74M,"+66,912"
239th,Daniel Howell,130,6.49M,"+747,152"
240th,Rayito,392,9.49M,"+2,893,775"
241st,DesiignerVEVO,33,2.99M,"+10,870,519"
242nd,DigitalRev TV,759,1.94M,"+785,363"
243rd,Sandaroo Kids,"3,297",6.3M,"+4,359,974"
244th,Munnik TV,85,2.3M,"+134,696"
245th,DJKhaledVEVO,67,5.15M,"+38,230,826"
246th,DJSnakeVEVO,40,6.52M,"+64,338,735"
247th,ScienzaMania,28,1.96M,"+29,274"
248th,DM Pranks,32,4.98M,"+269,631"
249th,DontWorry :D,721,2.4M,"+404,105"
250th,DonOmarVEVO,48,3.92M,"+33,698,732"
251st,DOSEofFOUSEY,526,3.54M,"+106,156"
252nd,DownRangeGaming,74,1.23M,"+71,961"
253rd,DrakeVEVO,41,9.61M,"+60,829,974"
254th,Draw My Life,388,1.08M,"+285,647"
255th,DrDreVEVO,10,3.44M,"+20,157,185"
256th,Dudesons,485,3.19M,"+1,051,668"
257th,HEYDI,4,1.01M,"-222,649,936"
258th,뿌직PPUJIG,373,702K,"+6,432,297"
259th,ROCCOPIAZZAVLOGS,"1,109",2.23M,"+1,418,106"
260th,Curas Naturales,155,1.76M,"+118,308"
261st,EduardoCostaVEVO,96,1.15M,"+20,925,716"
262nd,Wow TV,51,1.08M,"+86,129"
263rd,FreeDawkins,10,1.41M,"+85,314"
264th,Around The Corner,308,1.01M,"+139,301"
265th,재넌,"1,005",1.28M,"+4,331,730"
266th,emimusic,302,7.48M,"+2,051,333"
267th,Emma Blackery,283,1.39M,"+224,097"
268th,AWE Cake,23,2.01M,"+30,868"
269th,Epic Meal Time,853,7.09M,"+951,299"
270th,Eugenia Cooney,446,2.37M,"+1,164,172"
271st,ExplodingTNT,702,5.15M,"+3,482,238"
272nd,My Village Food,37,1.8M,"+25,747"
273rd,Rainbow Learning,915,5.29M,"-361,489"
274th,FallOutBoyVEVO,177,3.61M,"+240,358,337"
275th,FARRUKOVEVO,97,5.89M,"+30,847,061"
276th,Ba Kể Con Nghe,51,3.32M,"+119,742"
277th,Candy Play TV,473,3.47M,"+3,412,873"
278th,Corgi Terry Stories,6,1.14M,"+1,987"
279th,Fer0m0nas,"3,903",3.23M,"+352,689"
280th,FergieVEVO,39,2.3M,"+13,816,968"
281st,THE MAGIC HOUSE,340,2.72M,"+230,227"
282nd,FifthHarmonyVEVO,87,9.99M,"+30,340,962"
283rd,Oinky Pinky - Nursery Rhymes and K…,24,1.45M,"+6,448"
284th,Finger Family Songs,230,4.17M,"+2,698,945"
285th,FlaGeorgiaLineVEVO,102,1.52M,"+14,311,215"
286th,Fleur DeForce,966,1.4M,"+1,035,025"
287th,FlorenceMachineVEVO,96,1.22M,"+6,797,400"
288th,Fluffy Jet Toys,"1,414",4.36M,"+867,380"
289th,DoDo Adventures,5,1.18M,"+1,783"
290th,ToyFamily,33,2.54M,"-339,046,037"
291st,foofightersVEVO,115,1.36M,"+13,780,453"
292nd,Yaroslava & Playground,NaN,3.55M,--
293rd,फेमस मूवीज 2020,1,1.42M,"+7,725"
294th,FrenchMontanaVEVO,58,2.36M,"+18,147,762"
295th,From Head To Toe,560,1.24M,"+165,672"
296th,HANA 김하나,641,1.06M,"+8,807,819"
297th,Ximo Pierto,NaN,1.31M,--
298th,FutureVEVO,227,4.56M,"+147,072,151"
299th,Toy School,2,2.19M,"+62,080"
300th,Camarroket,18,3.1M,"+5,781,326"
301st,GabrielaRochaVEVO,30,2.21M,"+6,747,533"
302nd,GEazyMusicVEVO,136,3.84M,"+38,523,412"
303rd,Tom Toy Art,98,1.38M,"+5,313"
304th,GhostRobo,"7,815",1.87M,"+1,237,687"
305th,GlitterForever17,512,3.19M,"+859,288"
306th,Little Jayda,19,1.44M,"+578,850"
307th,Gonzaa Fonseca,135,2.63M,"-4,773,570"
308th,GraceVanderWaalVEVO,71,1.66M,"+4,965,875"
309th,Grace Helbig,971,2.77M,"+657,223"
310th,Gigi Gorgeous,528,2.88M,"+688,717"
311th,Nash Grier,130,4.71M,"+1,102,549"
312th,Guilherme GAMER,"3,254",1.06M,"+66,209"
313th,CHANAGAN,296,1M,"+114,898"
314th,GustaTV,64,1.63M,"+13,431"
315th,tayloralesia,226,2.43M,"+949,263"
316th,João Guilherme Ávila,256,4.14M,"+671,223"
317th,Kloud9,13,1.64M,"+2,637"
318th,h3h3Productions,322,6.6M,"+18,690,838"
319th,Reggaeton - Topic,NaN,2.92M,--
320th,HaAshVEVO,156,4.07M,"+45,504,315"
321st,Simon Desue,694,4.39M,"+892,305"
322nd,Machinima Happy Hour,NaN,1.27M,--
323rd,Aspyn Ovard,329,3.46M,"+1,407,686"
324th,CajuTV,412,1.43M,"+283,547"
325th,HenriqueeDiegoVEVO,93,1.33M,"+3,040,975"
326th,PlayToys,955,6.08M,"+3,581,765"
327th,HigaTV,519,4.98M,"+4,472,651"
328th,Davey Orgill,15,2.11M,"+8,525"
329th,ssin 씬님,620,1.61M,"+3,325,677"
330th,PUMP,3,1.31M,"-2,961"
331st,Gamze nur,1,1.69M,"+3,301"
332nd,HooplaKidz Deutsch,101,1.82M,"+38,322"
333rd,HooplaKidz Franҫais - Comptines e…,102,2.42M,"+284,512"
334th,Liza Koshy Too,78,7.96M,"+4,032,076"
335th,howtoPRANKitup,322,3.17M,"+234,960"
336th,Weird Stuff,966,3.28M,"+14,995,273"
337th,Alternative Rock - Topic,NaN,5.41M,--
338th,Hugo Tout Seul,29,2.29M,"+73,039"
339th,George Benson Travel,"1,323",1.06M,"+56,157"
340th,doq,162,1.58M,"+81,910"
341st,Candy Play TV Russian,277,2.98M,"+373,778"
342nd,Carlos Santana,301,2.29M,"+409,662"
343rd,IAMKARENO,325,1.55M,"+360,929"
344th,iBlali,450,2.58M,"+1,690,183"
345th,iCrazyTeddy,"2,212",1.15M,"+97,039"
346th,聖結石Saint,595,1.44M,"+2,477,324"
347th,DIPT,217,2.58M,"+946,203"
348th,iDubbbzTV,272,7.95M,"+15,708,173"
349th,IdunnGoddess,301,2.43M,"+1,233,692"
350th,iggyazaleamusicVEVO,68,5.05M,"+19,926,999"
351st,Myth,635,4.37M,"+2,406,283"
352nd,TOI Sports,938,1M,"+6,439"
353rd,강한달,70,247K,"+507,886"
354th,Casey Holmes,753,1.76M,"+765,831"
355th,itsjudytime,643,1.31M,"+123,519"
356th,Satisfying Compilations,464,1.81M,"+309,237"
357th,THE YOLO,4,1.6M,"+25,586"
358th,Jim Chapman,557,2.22M,"+116,859"
359th,Gjigandet e Vegjel,10,2.58M,"+23,452"
360th,JackBelozerov,530,2.36M,"+1,205,977"
361st,Jack Harries,83,3.87M,"+223,345"
362nd,Jaclyn Hill,353,5.86M,"+1,584,904"
363rd,JamesAVEVO,72,2.39M,"+24,874,754"
364th,JapaVlogs,NaN,1.96M,--
365th,Juan Pablo Jaramillo,337,5.7M,"+554,813"
366th,NIEPRZYGOTOWANI: Nowe Pokolenie,112,1.26M,"+631,761"
367th,JenniferLopezVEVO,101,7.14M,"+51,982,641"
368th,jennxpenn,403,3.62M,"+1,379,249"
369th,jessicanigri,45,1.22M,"+108,354"
370th,JessieJVEVO,77,6.73M,"+23,693,115"
371st,Travel Duniya Hindi,4,885K,"+11,910"
372nd,JoeyMontanaVEVO,31,2.31M,"+4,017,542"
373rd,johnlegendVEVO,149,4.02M,"+25,983,942"
374th,JohnNewmanVEVO,61,1.48M,"+6,088,530"
375th,JonasBlueVEVO,80,2.1M,"+18,665,187"
376th,SkillTwins,231,2.42M,"+1,273,102"
377th,Kids Toys Review,19,1.47M,"+1,578"
378th,वि - Gyaan,38,2.07M,"+22,163"
379th,Lucie ToysReview,76,2.69M,"+54,739"
380th,Poggers,109,2.37M,"+200,672"
381st,Jake Mitchell,333,1.84M,"+413,011"
382nd,ChrisJedayVEVO,4,1.92M,"+3,286,494"
383rd,juicystar07,580,1.72M,"+63,370"
384th,Julien Bam,251,5.71M,"+15,080,056"
385th,Juana Martinez,143,2.27M,"-472,612"
386th,JustKiddingFilms,555,1.61M,"+369,613"
387th,Corl,881,1.29M,"+284,978"
388th,KalashVEVO,23,1.02M,"+5,325,456"
389th,Kandee Johnson,631,3.86M,"+185,182"
390th,Katja Krasavice,3,1.49M,"+58,063"
391st,Learn and Play,48,4.51M,"+19,682"
392nd,BeeRelaxing,343,3.38M,"-5,588,931"
393rd,keshaVEVO,75,2.7M,"+17,543,285"
394th,kev,97,2.78M,"+117,133"
395th,Kika Nieto,336,8.1M,"+5,270,821"
396th,Killem,172,2.67M,"+2,584,827"
397th,Imaqtpie,872,1.66M,"+4,075,581"
398th,Kiloo Games,357,3.37M,"+4,037,887"
399th,SuparMin,15,1.19M,"+39,096"
400th,kipkay,415,2.61M,"+577,471"
401st,Reggaeton 2020,1,1.25M,+223
402nd,Fun Playtime,7,1.9M,"+3,540"
403rd,Crusher TV,38,1.1M,"+6,636"
404th,VGK,19,1.03M,"+49,711"
405th,ditto art,18,1.03M,"+11,708"
406th,Liova playing with toys,2,2.07M,"+215,906"
407th,KygoOfficialVEVO,61,3.08M,"+40,080,428"
408th,KYRSP33DY,"4,348",2.34M,"+5,043,292"
409th,성수커플 - S.S Couple,259,1.17M,"+4,924,457"
410th,BLACKHAND,37,1.25M,"+812,312"
411th,Little Star Stop Motion,"2,318",2.52M,"+409,934"
412th,LadyGagaVEVO,146,9.21M,"+119,001,844"
413th,LAHWF,246,2.34M,"+1,588,150"
414th,lamuqe,237,1.37M,"+1,036,077"
415th,LanaDelReyVEVO,50,5.85M,"+23,349,321"
416th,LaurDIY,697,8.92M,"+7,283,700"
417th,Avances por Vlog Novelero,167,1.74M,"-405,444"
418th,SACCONEJOLYs,"3,416",1.86M,"+5,384,851"
419th,LessAmazingPhil,72,1.18M,"+40,512"
420th,Toy Jelly,"1,632",3.45M,"+654,082"
421st,Carlos Nebot,64,1.05M,"+287,956"
422nd,LilWayneVEVO,42,4.88M,"+21,750,937"
423rd,SOF,"1,474",1.07M,"+1,274,298"
424th,list25,"1,768",2.66M,"+1,539,771"
425th,littlemixVEVO,158,8.05M,"+65,793,837"
426th,NatesLife,14,2.9M,"-29,966,619"
427th,LizzzTV,847,2.66M,"+785,545"
428th,放火 Louis,223,1.31M,"+525,870"
429th,Jovem de Direita,31,1.01M,"+78,646"
430th,LucianoPereyraVEVO,160,1.06M,"+27,581,288"
431st,Luiz1227,"1,674",2.59M,"+255,531,480"
432nd,Luxy Hair,551,3.18M,"+1,068,048"
433rd,Xheo,24,1.86M,"+59,603"
434th,YouKids,52,2.08M,"+232,864"
435th,Fun Place,1,2.38M,+684
436th,Ta Difícil,13,1.62M,"+16,545"
437th,Colors with Baby,81,1.05M,"+42,412"
438th,Madeyewlook,467,2.64M,"+503,804"
439th,maerkas toiloas,88,1M,"+2,213"
440th,MaitreGimsVEVO,85,3.99M,"+19,760,395"
441st,Amanda Steele,453,2.65M,"+330,840"
442nd,marcanthonyVEVO,93,2.58M,"+34,055,931"
443rd,Marcus Butler,NaN,4.13M,--
444th,MarcusMartinusVEVO,35,1.5M,"+12,909,884"
445th,InfanTilandia - Juguetes,643,1.45M,"+246,392"
446th,MatheusKauanVEVO,105,4.34M,"+71,518,842"
447th,Ravina Kid-Show,12,5.11M,"-4,125,970"
448th,Mega Entertainment,NaN,4.83M,--
449th,MGKVEVO,67,2.42M,"+25,017,058"
450th,Mia Stammer,343,1.1M,"+55,576"
451st,Mikey Bolts,258,2.91M,"+390,969"
452nd,michaeljacksonVEVO,99,8.24M,"+98,929,752"
453rd,Michelle Phan,254,8.91M,"+2,081,678"
454th,MigosVEVO,85,1.92M,"+29,579,828"
455th,MIKAVEVO,49,1.29M,"+4,941,947"
456th,Mikey Murphy,190,1.77M,"+339,822"
457th,RUVLOG,243,1.15M,"+16,643"
458th,Mini Ladd,"1,337",5.73M,"+15,681,117"
459th,Ingrid Nilsen,749,3.65M,"+596,922"
460th,Mister Epic Mann,116,3.42M,"+577,912"
461st,SandWich,10,1.97M,"+12,613"
462nd,SMASH - Brawl Stars,8,704K,"+24,145"
463rd,GameClips,26,1.52M,"-791,276,526"
464th,MojoOnPC,280,1.06M,"+344,438"
465th,MonLaferteVEVO,109,2.39M,"+28,347,584"
466th,Aleksey Tkachuk,2,1.05M,"+8,649"
467th,MoratVEVO,48,1.75M,"+41,688,085"
468th,JustMarcus,NaN,1.87M,--
469th,Arin أرين,229,1.24M,"+966,557"
470th,DIEGO MEXIVERGAS,802,1.17M,"+805,793"
471st,Maryana Ro,156,6.89M,"+2,447,650"
472nd,Football World,94,1.37M,"+938,693"
473rd,MrWoofless,"2,806",1.72M,"+339,998"
474th,Music Video Sins,509,1.28M,"+711,362"
475th,Maria Way,127,4.42M,"+285,690"
476th,MyCupcakeAddiction,461,3.15M,"+572,822"
477th,MyHarto,696,2.42M,"+992,803"
478th,My Pale Skin,203,1.08M,"+163,350"
479th,캐리TV,"2,207",2.03M,"+22,263,527"
480th,KIDS7,22,2.6M,"+489,802"
481st,NaughtyBoyVEVO,34,1.56M,"+5,825,150"
482nd,NellyVEVO,36,3.15M,"+22,614,076"
483rd,Estrellita Juguetes y Sorpresas,420,1.34M,"+340,063"
484th,NFVEVO,77,1.6M,"+36,779,608"
485th,Boong Family Kid Vip,1,2.29M,"+64,053"
486th,NollywoodStreams,232,4.62M,"-390,644"
487th,NukemDukem,"6,475",1M,"+956,575"
488th,Made My Day,"1,467",2.48M,"+1,804,304"
489th,Infinitum Network,NaN,4.76M,--
490th,Cartoon Club,76,1.44M,"+403,843"
491st,마이린 TV,"1,812",1.08M,"+7,733,596"
492nd,OasisVEVO,71,1.34M,"+12,201,238"
493rd,BobbysWorld,38,1.24M,"+148,544"
494th,KhalidVEVO,84,2.35M,"+48,778,847"
495th,OHA diyorum!,"2,703",5.57M,"+23,483,787"
496th,OmskoeTV,440,2.66M,"+224,195"
497th,OnisionSpeaks,"2,194",1.55M,"-1,152,278"
498th,OKG,747,2.32M,"+623,187"
499th,OpTic Gaming,"1,293",1.42M,"+145,129"
500th,カリスマブラザーズ,"1,231",1.07M,"+1,113,962"
